{"cameraMode":{"drawMode":0,"name":"Shaded","section":"Shading Mode"},"sceneLighting":true,"audioPlay":false,"sceneViewState":{"showFog":false,"showMaterialUpdate":false,"showSkybox":false,"showFlares":false,"showImageEffects":false,"showParticleSystems":false},"in2DMode":false,"pivot":{"x":5.595631122589111,"y":3.4519290924072267,"z":3.474959373474121},"rotation":{"x":0.3339463472366333,"y":-0.36783769726753237,"z":0.1435180902481079,"w":0.8559087514877319},"size":16.355913162231447,"orthographic":true}