{"cameraMode":{"drawMode":0,"name":"Shaded","section":"Shading Mode"},"sceneLighting":true,"audioPlay":false,"sceneViewState":{"showFog":false,"showMaterialUpdate":false,"showSkybox":false,"showFlares":false,"showImageEffects":false,"showParticleSystems":false},"in2DMode":false,"pivot":{"x":4.453381538391113,"y":-10.765259742736817,"z":14.477797508239746},"rotation":{"x":0.22542345523834229,"y":0.013152125291526318,"z":-0.0030429440084844829,"w":0.9741698503494263},"size":19.087642669677736,"orthographic":false}