{"cameraMode":{"drawMode":0,"name":"Shaded","section":"Shading Mode"},"sceneLighting":true,"audioPlay":false,"sceneViewState":{"showFog":false,"showMaterialUpdate":false,"showSkybox":false,"showFlares":false,"showImageEffects":false,"showParticleSystems":false},"in2DMode":false,"pivot":{"x":2.159684658050537,"y":-10.873739242553711,"z":2.0664799213409426},"rotation":{"x":0.13880468904972077,"y":-0.05849246680736542,"z":0.00821489654481411,"w":0.988559901714325},"size":4.638643264770508,"orthographic":false}