{"cameraMode":{"drawMode":0,"name":"Shaded","section":"Shading Mode"},"sceneLighting":true,"audioPlay":false,"sceneViewState":{"showFog":false,"showMaterialUpdate":false,"showSkybox":false,"showFlares":false,"showImageEffects":false,"showParticleSystems":false},"in2DMode":false,"pivot":{"x":-60.163108825683597,"y":-21.901742935180665,"z":15.35943603515625},"rotation":{"x":0.1705474853515625,"y":-0.4059208333492279,"z":0.07739273458719254,"w":0.8945150971412659},"size":66.89654541015625,"orthographic":false}