{"cameraMode":{"drawMode":0,"name":"Shaded","section":"Shading Mode"},"sceneLighting":true,"audioPlay":false,"sceneViewState":{"showFog":false,"showMaterialUpdate":false,"showSkybox":false,"showFlares":false,"showImageEffects":false,"showParticleSystems":false},"in2DMode":false,"pivot":{"x":11.309930801391602,"y":1.4804836511611939,"z":8.174957275390625},"rotation":{"x":0.13155227899551392,"y":-0.03122069127857685,"z":0.004145040176808834,"w":0.990813136100769},"size":10.212904930114746,"orthographic":true}