{"cameraMode":{"drawMode":0,"name":"Shaded","section":"Shading Mode"},"sceneLighting":true,"audioPlay":false,"sceneViewState":{"showFog":false,"showMaterialUpdate":false,"showSkybox":false,"showFlares":false,"showImageEffects":false,"showParticleSystems":false},"in2DMode":false,"pivot":{"x":6.323294162750244,"y":-4.565922260284424,"z":15.707473754882813},"rotation":{"x":0.14220784604549409,"y":0.09782399982213974,"z":-0.014124508947134018,"w":0.9848917722702026},"size":25.909818649291993,"orthographic":false}