{"cameraMode":{"drawMode":0,"name":"Shaded","section":"Shading Mode"},"sceneLighting":true,"audioPlay":false,"sceneViewState":{"showFog":false,"showMaterialUpdate":false,"showSkybox":false,"showFlares":false,"showImageEffects":false,"showParticleSystems":false},"in2DMode":false,"pivot":{"x":-5.1306047439575199,"y":0.840896487236023,"z":6.5085368156433109},"rotation":{"x":-0.14043056964874268,"y":0.23030580580234528,"z":-0.03360534459352493,"w":-0.9623574018478394},"size":16.211589813232423,"orthographic":false}