{"cameraMode":{"drawMode":0,"name":"Shaded","section":"Shading Mode"},"sceneLighting":true,"audioPlay":false,"sceneViewState":{"showFog":false,"showMaterialUpdate":false,"showSkybox":false,"showFlares":false,"showImageEffects":false,"showParticleSystems":false},"in2DMode":false,"pivot":{"x":11.825737953186036,"y":-11.554879188537598,"z":42.235172271728519},"rotation":{"x":0.11556278169155121,"y":0.09876000881195069,"z":-0.011547924019396305,"w":0.9883161187171936},"size":28.754785537719728,"orthographic":false}