{"cameraMode":{"drawMode":0,"name":"Shaded","section":"Shading Mode"},"sceneLighting":false,"audioPlay":false,"sceneViewState":{"showFog":false,"showMaterialUpdate":false,"showSkybox":false,"showFlares":false,"showImageEffects":false,"showParticleSystems":false},"in2DMode":false,"pivot":{"x":7.07686710357666,"y":5.85699987411499,"z":-1.0150439739227296},"rotation":{"x":0.2041189819574356,"y":-0.11424136161804199,"z":0.023994389921426774,"w":0.9719646573066711},"size":-0.6105693578720093,"orthographic":false}