{"cameraMode":{"drawMode":0,"name":"Shaded","section":"Shading Mode"},"sceneLighting":true,"audioPlay":false,"sceneViewState":{"showFog":false,"showMaterialUpdate":false,"showSkybox":false,"showFlares":false,"showImageEffects":false,"showParticleSystems":false},"in2DMode":false,"pivot":{"x":2.554804801940918,"y":1.768129587173462,"z":-20.782258987426759},"rotation":{"x":-0.0383903868496418,"y":-0.0036009964533150198,"z":0.00013835224672220647,"w":-0.9992576837539673},"size":-3.653369426727295,"orthographic":false}