{"cameraMode":{"drawMode":0,"name":"Shaded","section":"Shading Mode"},"sceneLighting":true,"audioPlay":false,"sceneViewState":{"showFog":false,"showMaterialUpdate":false,"showSkybox":false,"showFlares":false,"showImageEffects":false,"showParticleSystems":false},"in2DMode":false,"pivot":{"x":-2.4678730964660646,"y":-6.264194011688232,"z":16.53353500366211},"rotation":{"x":-0.09911032766103745,"y":0.11110639572143555,"z":-0.011136663146317006,"w":-0.9887929558753967},"size":20.626567840576173,"orthographic":false}