{"cameraMode":{"drawMode":0,"name":"Shaded","section":"Shading Mode"},"sceneLighting":true,"audioPlay":false,"sceneViewState":{"showFog":false,"showMaterialUpdate":false,"showSkybox":false,"showFlares":false,"showImageEffects":false,"showParticleSystems":false},"in2DMode":false,"pivot":{"x":-0.34491780400276186,"y":2.0061964988708498,"z":-21.867197036743165},"rotation":{"x":-0.07009712606668472,"y":0.18533702194690705,"z":-0.013255543075501919,"w":-0.9800834655761719},"size":13.618330001831055,"orthographic":true}