{"cameraMode":{"drawMode":0,"name":"Shaded","section":"Shading Mode"},"sceneLighting":true,"audioPlay":false,"sceneViewState":{"showFog":false,"showMaterialUpdate":false,"showSkybox":false,"showFlares":false,"showImageEffects":false,"showParticleSystems":false},"in2DMode":false,"pivot":{"x":-2.7142410278320314,"y":-1.519753336906433,"z":-2.5652194023132326},"rotation":{"x":0.15814176201820374,"y":0.0482642725110054,"z":-0.007737631443887949,"w":0.9862119555473328},"size":2.634981393814087,"orthographic":false}