{"cameraMode":{"drawMode":0,"name":"Shaded","section":"Shading Mode"},"sceneLighting":true,"audioPlay":false,"sceneViewState":{"showFog":false,"showMaterialUpdate":false,"showSkybox":false,"showFlares":false,"showImageEffects":false,"showParticleSystems":false},"in2DMode":false,"pivot":{"x":3.9988508224487306,"y":-6.197237968444824,"z":-0.7337318658828735},"rotation":{"x":-0.08113928884267807,"y":-0.1273268610239029,"z":0.01045248657464981,"w":-0.9884923696517944},"size":9.184901237487793,"orthographic":false}