{"cameraMode":{"drawMode":0,"name":"Shaded","section":"Shading Mode"},"sceneLighting":true,"audioPlay":false,"sceneViewState":{"showFog":true,"showMaterialUpdate":false,"showSkybox":true,"showFlares":true,"showImageEffects":false,"showParticleSystems":true},"in2DMode":false,"pivot":{"x":-1.8740347623825074,"y":-0.18450519442558289,"z":-10.786799430847168},"rotation":{"x":-0.0346824936568737,"y":0.08295143395662308,"z":-0.002888695802539587,"w":-0.9959458708763123},"size":5.4375410079956059,"orthographic":false}